,year,month,day,hexagon,count,F19,F20
1,2019,2,24,62,2,1,0
2,2019,2,24,62,1,1,0
3,2019,2,24,62,1,1,0
4,2019,2,24,62,1,1,0
5,2019,2,24,62,1,1,0
6,2019,2,24,62,1,1,0
7,2019,2,24,62,1,1,0
8,2019,2,24,62,1,1,0
9,2019,2,24,62,1,1,0
10,2019,2,24,62,1,1,0
11,2019,2,24,62,1,1,0
12,2019,2,24,62,1,1,0
13,2019,2,24,62,1,1,0
14,2019,2,24,62,1,1,0
15,2019,2,24,62,1,1,0
16,2019,2,24,62,1,1,0
17,2019,2,24,62,1,1,0
18,2019,2,24,62,1,1,0
19,2019,2,24,62,13,1,0
20,2019,2,24,62,1,1,0
21,2019,2,24,62,1,1,0
22,2019,2,24,62,1,1,0
23,2019,2,24,62,1,1,0
24,2019,2,24,62,1,1,0
25,2019,2,24,62,1,1,0
26,2019,2,24,62,1,1,0
27,2019,2,24,62,1,1,0
28,2019,2,24,62,1,1,0
29,2019,2,24,62,1,1,0
30,2019,2,24,62,1,1,0
31,2019,2,24,62,1,1,0
32,2019,2,24,58,1,1,0
33,2019,2,24,58,1,1,0
34,2019,2,24,58,1,1,0
35,2019,2,24,58,1,1,0
36,2019,2,24,58,1,1,0
37,2019,2,24,58,1,1,0
38,2019,2,24,58,1,1,0
39,2019,2,24,58,1,1,0
40,2019,2,24,58,1,1,0
41,2019,2,24,58,1,1,0
42,2019,2,24,58,1,1,0
43,2019,2,24,58,1,1,0
44,2019,2,24,58,1,1,0
45,2019,2,24,58,1,1,0
46,2019,2,24,58,1,1,0
47,2019,2,24,58,1,1,0
48,2019,2,24,58,1,1,0
49,2019,2,24,58,1,1,0
50,2019,2,24,58,1,1,0
51,2019,2,24,58,1,1,0
52,2019,2,24,58,1,1,0
53,2019,2,24,58,1,1,0
54,2019,2,24,58,1,1,0
55,2019,2,24,30,1,1,0
56,2019,2,24,30,1,1,0
57,2019,2,24,30,1,1,0
58,2019,2,24,30,1,1,0
59,2019,2,24,30,1,1,0
60,2019,2,24,30,1,1,0
61,2019,2,24,107,1,1,0
62,2019,2,24,107,1,1,0
63,2019,2,24,107,1,1,0
64,2019,2,24,107,1,1,0
65,2019,2,24,107,1,1,0
66,2019,2,24,94,1,1,0
67,2019,2,24,94,1,1,0
68,2019,2,24,94,1,1,0
69,2019,2,24,94,1,1,0
70,2019,2,24,94,1,1,0
71,2019,2,24,94,1,1,0
72,2019,2,24,14,1,1,0
73,2019,2,24,14,1,1,0
74,2019,2,24,14,1,1,0
75,2019,2,24,14,3,1,0
76,2019,2,24,14,1,1,0
77,2019,2,24,14,1,1,0
78,2019,2,24,14,1,1,0
79,2019,2,24,14,1,1,0
80,2019,2,24,14,1,1,0
81,2019,2,24,14,2,1,0
82,2019,2,24,14,1,1,0
83,2019,2,24,14,1,1,0
84,2019,2,24,14,1,1,0
85,2019,2,24,14,1,1,0
86,2019,2,24,14,1,1,0
87,2019,2,24,14,2,1,0
88,2019,2,24,14,1,1,0
89,2019,2,24,14,1,1,0
90,2019,2,24,14,1,1,0
91,2019,2,24,14,1,1,0
92,2019,2,24,14,2,1,0
93,2019,2,24,14,2,1,0
94,2019,2,24,14,1,1,0
95,2019,2,24,14,2,1,0
96,2019,2,24,14,1,1,0
97,2019,2,24,14,1,1,0
98,2019,2,24,14,2,1,0
99,2019,2,24,14,1,1,0
100,2019,2,24,14,1,1,0
101,2019,2,24,14,2,1,0
102,2019,2,24,14,1,1,0
103,2019,2,24,14,2,1,0
104,2019,2,24,14,1,1,0
105,2019,2,24,14,1,1,0
106,2019,2,24,43,1,1,0
107,2019,2,24,43,1,1,0
108,2019,2,24,43,1,1,0
109,2019,2,24,43,1,1,0
110,2019,2,24,43,1,1,0
111,2019,2,24,75,1,1,0
112,2019,2,24,75,1,1,0
113,2019,2,24,75,2,1,0
114,2019,2,24,27,1,1,0
115,2019,2,24,27,6,1,0
116,2019,2,24,27,3,1,0
117,2019,2,24,27,1,1,0
118,2019,2,24,27,1,1,0
119,2019,2,24,27,1,1,0
120,2019,2,24,91,1,1,0
121,2019,2,24,91,2,1,0
122,2019,2,24,91,1,1,0
123,2019,2,24,91,1,1,0
124,2019,2,24,91,1,1,0
125,2019,2,24,91,1,1,0
126,2019,2,24,91,2,1,0
127,2019,2,24,91,1,1,0
128,2019,2,24,91,1,1,0
129,2019,2,24,91,2,1,0
130,2019,2,24,91,1,1,0
131,2019,2,24,91,2,1,0
132,2019,2,24,91,1,1,0
133,2019,2,24,91,1,1,0
134,2019,3,4,19,4,1,0
135,2019,3,4,19,5,1,0
136,2019,3,4,19,2,1,0
137,2019,3,4,19,1,1,0
138,2019,3,4,19,4,1,0
139,2019,3,4,19,15,1,0
140,2019,3,4,19,7,1,0
141,2019,3,4,19,1,1,0
142,2019,3,4,19,4,1,0
143,2019,3,4,19,15,1,0
144,2019,3,4,19,1,1,0
145,2019,3,4,19,1,1,0
146,2019,3,4,19,1,1,0
147,2019,3,4,19,8,1,0
148,2019,3,4,19,1,1,0
149,2019,3,4,19,3,1,0
150,2019,3,4,19,1,1,0
151,2019,3,4,19,1,1,0
152,2019,3,4,19,50,1,0
153,2019,3,4,19,1,1,0
154,2019,3,4,19,2,1,0
155,2019,3,4,19,1,1,0
156,2019,3,4,19,2,1,0
157,2019,3,4,19,1,1,0
158,2019,3,4,19,3,1,0
159,2019,3,4,19,1,1,0
160,2019,3,4,19,1,1,0
161,2019,3,4,19,1,1,0
162,2019,3,4,19,2,1,0
163,2019,3,4,19,1,1,0
164,2019,3,4,19,1,1,0
165,2019,3,4,19,8,1,0
166,2019,3,4,19,4,1,0
167,2019,3,4,19,1,1,0
168,2019,3,4,19,2,1,0
169,2019,3,4,19,1,1,0
170,2019,3,4,19,8,1,0
171,2019,3,4,19,1,1,0
172,2019,3,4,19,8,1,0
173,2019,3,4,19,2,1,0
174,2019,3,4,19,1,1,0
175,2019,3,4,19,1,1,0
176,2019,3,4,19,12,1,0
177,2019,3,4,19,5,1,0
178,2019,3,4,19,1,1,0
179,2019,3,4,19,2,1,0
180,2019,3,4,19,1,1,0
181,2019,3,4,39,1,1,0
182,2019,3,4,39,1,1,0
183,2019,3,4,39,1,1,0
184,2019,3,4,39,1,1,0
185,2019,3,4,39,6,1,0
186,2019,3,4,39,1,1,0
187,2019,3,4,39,2,1,0
188,2019,3,4,39,1,1,0
189,2019,3,4,39,1,1,0
190,2019,3,4,39,1,1,0
191,2019,3,4,39,1,1,0
192,2019,3,4,39,1,1,0
193,2019,3,4,39,1,1,0
194,2019,3,4,39,1,1,0
195,2019,3,4,39,1,1,0
196,2019,3,4,39,2,1,0
197,2019,3,4,39,1,1,0
198,2019,3,4,39,1,1,0
199,2019,3,4,39,1,1,0
200,2019,3,4,39,1,1,0
201,2019,3,4,39,1,1,0
202,2019,3,4,39,1,1,0
203,2019,3,4,39,1,1,0
204,2019,3,4,39,1,1,0
205,2019,3,4,39,1,1,0
206,2019,3,4,39,1,1,0
207,2019,3,4,39,1,1,0
208,2019,3,4,39,2,1,0
209,2019,3,4,39,1,1,0
210,2019,3,4,39,1,1,0
211,2019,3,4,39,2,1,0
212,2019,3,4,39,1,1,0
213,2019,3,4,39,1,1,0
214,2019,3,4,39,2,1,0
215,2019,3,4,39,1,1,0
216,2019,3,4,39,1,1,0
217,2019,3,4,39,1,1,0
218,2019,3,4,39,1,1,0
219,2019,3,4,39,1,1,0
220,2019,3,4,39,1,1,0
221,2019,3,4,39,1,1,0
222,2019,3,4,39,2,1,0
223,2019,3,4,39,2,1,0
224,2019,3,4,39,2,1,0
225,2019,3,4,39,1,1,0
226,2019,3,4,39,1,1,0
227,2019,3,4,39,1,1,0
228,2019,3,4,39,1,1,0
229,2019,3,4,87,2,1,0
230,2019,3,4,87,2,1,0
231,2019,3,4,87,2,1,0
232,2019,3,4,87,2,1,0
233,2019,3,4,87,1,1,0
234,2019,3,4,87,25,1,0
235,2019,3,4,87,5,1,0
236,2019,3,4,87,2,1,0
237,2019,3,4,87,2,1,0
238,2019,3,4,87,1,1,0
239,2019,3,4,87,1,1,0
240,2019,3,4,87,1,1,0
241,2019,3,4,87,3,1,0
242,2019,3,4,87,25,1,0
243,2019,3,4,87,1,1,0
244,2019,3,4,87,1,1,0
245,2019,3,4,87,2,1,0
246,2019,3,4,87,1,1,0
247,2019,3,4,87,1,1,0
248,2019,3,4,87,1,1,0
249,2019,3,4,87,1,1,0
250,2019,3,4,87,1,1,0
251,2019,3,4,87,1,1,0
252,2019,3,4,87,1,1,0
253,2019,3,4,87,1,1,0
254,2019,3,4,87,1,1,0
255,2019,3,4,87,5,1,0
256,2019,3,4,87,25,1,0
257,2019,3,4,87,1,1,0
258,2019,3,4,87,1,1,0
259,2019,3,4,87,1,1,0
260,2019,3,4,87,1,1,0
261,2019,3,4,87,2,1,0
262,2019,3,4,87,2,1,0
263,2019,3,4,87,1,1,0
264,2019,3,4,87,1,1,0
265,2019,3,4,87,2,1,0
266,2019,3,4,87,3,1,0
267,2019,3,4,87,1,1,0
268,2019,3,4,87,4,1,0
269,2019,3,4,87,1,1,0
270,2019,3,4,87,1,1,0
271,2019,3,4,87,10,1,0
272,2019,3,4,87,2,1,0
273,2019,3,4,87,1,1,0
274,2019,3,4,87,3,1,0
275,2019,3,4,87,1,1,0
276,2019,3,4,87,1,1,0
277,2019,3,4,87,1,1,0
278,2019,3,4,87,20,1,0
279,2019,3,4,87,5,1,0
280,2019,3,4,87,1,1,0
281,2019,3,4,87,1,1,0
282,2019,3,4,87,1,1,0
283,2019,3,4,87,1,1,0
284,2019,3,4,23,1,1,0
285,2019,3,4,23,5,1,0
286,2019,3,4,23,1,1,0
287,2019,3,4,23,1,1,0
288,2019,3,4,23,1,1,0
289,2019,3,4,23,1,1,0
290,2019,3,4,23,1,1,0
291,2019,3,4,23,1,1,0
292,2019,3,4,23,1,1,0
293,2019,3,4,23,1,1,0
294,2019,3,4,23,1,1,0
295,2019,3,4,23,1,1,0
296,2019,3,4,23,1,1,0
297,2019,3,4,23,1,1,0
298,2019,3,4,23,1,1,0
299,2019,3,4,23,1,1,0
300,2019,3,4,23,1,1,0
301,2019,3,4,23,1,1,0
302,2019,3,4,23,1,1,0
303,2019,3,4,23,1,1,0
304,2019,3,4,23,1,1,0
305,2019,3,4,23,1,1,0
306,2019,3,4,11,1,1,0
307,2019,3,4,11,1,1,0
308,2019,3,4,11,1,1,0
309,2019,3,4,11,1,1,0
310,2019,3,4,83,1,1,0
311,2019,3,4,83,1,1,0
312,2019,3,4,83,1,1,0
313,2019,3,4,83,1,1,0
314,2019,3,4,83,1,1,0
315,2019,3,4,83,1,1,0
316,2019,3,4,83,1,1,0
317,2019,3,4,83,1,1,0
318,2019,3,4,83,1,1,0
319,2019,3,4,83,1,1,0
320,2019,3,4,83,2,1,0
321,2019,3,4,83,1,1,0
322,2019,3,4,83,1,1,0
323,2019,3,4,83,1,1,0
324,2019,3,4,83,1,1,0
325,2019,3,4,83,2,1,0
326,2019,3,4,83,1,1,0
327,2019,3,4,83,1,1,0
328,2019,3,4,83,1,1,0
329,2019,3,4,83,1,1,0
330,2019,3,4,83,1,1,0
331,2019,3,4,83,1,1,0
332,2019,3,4,83,1,1,0
333,2019,3,4,83,1,1,0
334,2019,3,4,83,1,1,0
335,2019,3,4,83,1,1,0
336,2019,3,4,83,7,1,0
337,2019,3,4,83,3,1,0
338,2019,3,4,83,1,1,0
339,2019,3,4,83,1,1,0
340,2019,3,4,83,1,1,0
341,2019,3,4,83,1,1,0
342,2019,3,4,83,1,1,0
343,2019,3,4,83,1,1,0
344,2019,3,4,83,2,1,0
345,2019,3,4,83,1,1,0
346,2019,3,4,83,1,1,0
347,2019,3,4,83,1,1,0
348,2019,3,4,83,1,1,0
349,2019,3,5,3,1,1,0
350,2019,3,5,3,1,1,0
351,2019,3,5,3,1,1,0
352,2019,3,5,3,1,1,0
353,2019,3,5,3,1,1,0
354,2019,3,5,67,1,1,0
355,2019,3,5,67,1,1,0
356,2019,3,5,67,1,1,0
357,2019,3,5,67,1,1,0
358,2019,3,5,67,1,1,0
359,2019,3,5,67,1,1,0
360,2019,3,5,67,1,1,0
361,2019,3,5,67,2,1,0
362,2019,3,5,67,1,1,0
363,2019,3,5,67,4,1,0
364,2019,3,5,67,1,1,0
365,2019,3,5,67,1,1,0
366,2019,3,5,46,3,1,0
367,2019,3,5,46,3,1,0
368,2019,3,5,46,1,1,0
369,2019,3,5,46,1,1,0
370,2019,3,5,46,2,1,0
371,2019,3,5,46,1,1,0
372,2019,3,5,46,6,1,0
373,2019,3,5,46,1,1,0
374,2019,3,5,46,1,1,0
375,2019,3,5,46,1,1,0
376,2019,3,5,46,1,1,0
377,2019,3,5,46,1,1,0
378,2019,3,5,46,1,1,0
379,2019,3,5,46,1,1,0
380,2019,3,5,46,1,1,0
381,2019,3,5,46,4,1,0
382,2019,3,5,46,2,1,0
383,2019,3,5,46,2,1,0
384,2019,3,5,46,1,1,0
385,2019,3,5,46,1,1,0
386,2019,3,5,46,1,1,0
387,2019,3,5,46,5,1,0
388,2019,3,5,46,1,1,0
389,2019,3,5,46,1,1,0
390,2019,3,5,46,1,1,0
391,2019,3,5,46,2,1,0
392,2019,3,5,46,1,1,0
393,2019,3,5,46,2,1,0
394,2019,3,5,46,1,1,0
395,2019,3,5,46,1,1,0
396,2019,3,5,46,4,1,0
397,2019,3,5,46,1,1,0
398,2019,3,5,46,1,1,0
399,2019,3,5,46,1,1,0
400,2019,3,5,46,1,1,0
401,2019,3,5,46,1,1,0
402,2019,3,5,46,1,1,0
403,2019,3,5,46,1,1,0
404,2019,3,5,46,1,1,0
405,2019,3,5,20,1,1,0
406,2019,3,5,20,1,1,0
407,2019,3,5,20,1,1,0
408,2019,3,5,20,1,1,0
409,2019,3,5,20,2,1,0
410,2019,3,5,20,2,1,0
411,2019,3,5,20,1,1,0
412,2019,3,5,20,1,1,0
413,2019,3,5,20,2,1,0
414,2019,3,5,20,1,1,0
415,2019,3,5,20,2,1,0
416,2019,3,5,20,2,1,0
417,2019,3,5,20,1,1,0
418,2019,3,5,20,1,1,0
419,2019,3,5,20,1,1,0
420,2019,3,5,20,1,1,0
421,2019,3,5,20,1,1,0
422,2019,3,5,20,1,1,0
423,2019,3,5,20,1,1,0
424,2019,3,5,20,1,1,0
425,2019,3,5,20,1,1,0
426,2019,3,5,20,1,1,0
427,2019,3,5,20,1,1,0
428,2019,3,5,20,2,1,0
429,2019,3,5,20,2,1,0
430,2019,3,5,20,1,1,0
431,2019,3,5,20,1,1,0
432,2019,3,5,20,1,1,0
433,2019,3,5,20,1,1,0
434,2019,3,5,20,1,1,0
435,2019,3,5,20,1,1,0
436,2019,3,5,20,1,1,0
437,2019,3,5,20,1,1,0
438,2019,3,5,20,1,1,0
439,2019,3,5,20,1,1,0
440,2019,3,5,20,3,1,0
441,2019,3,5,20,1,1,0
442,2019,3,5,20,1,1,0
443,2019,3,5,20,1,1,0
444,2019,3,5,20,1,1,0
445,2019,3,5,20,1,1,0
446,2019,3,5,20,1,1,0
447,2019,3,5,20,1,1,0
448,2019,3,5,20,2,1,0
449,2019,3,5,20,2,1,0
450,2019,3,5,20,2,1,0
451,2019,3,5,20,1,1,0
452,2019,3,5,20,1,1,0
453,2019,3,5,20,1,1,0
454,2019,3,5,20,1,1,0
455,2019,3,5,20,1,1,0
456,2019,3,5,20,1,1,0
457,2019,3,5,20,1,1,0
458,2019,3,5,20,1,1,0
459,2019,3,5,20,1,1,0
460,2019,3,5,20,1,1,0
461,2019,3,5,20,1,1,0
462,2019,3,5,20,1,1,0
463,2019,3,5,20,3,1,0
464,2019,3,5,20,1,1,0
465,2019,3,5,20,2,1,0
466,2019,3,5,20,1,1,0
467,2019,3,5,20,2,1,0
468,2019,3,5,20,1,1,0
469,2019,3,5,68,1,1,0
470,2019,3,5,68,1,1,0
471,2019,3,5,68,1,1,0
472,2019,3,5,68,1,1,0
473,2019,3,5,68,1,1,0
474,2019,3,5,68,1,1,0
475,2019,3,5,68,1,1,0
476,2019,3,5,68,1,1,0
477,2019,3,5,68,1,1,0
478,2019,3,5,68,1,1,0
479,2019,3,5,68,1,1,0
480,2019,3,5,68,1,1,0
481,2019,3,5,68,1,1,0
482,2019,3,5,68,1,1,0
483,2019,3,5,68,1,1,0
484,2019,3,5,68,1,1,0
485,2019,3,5,68,2,1,0
486,2019,3,5,68,1,1,0
487,2019,3,5,68,1,1,0
488,2019,3,5,68,1,1,0
489,2019,3,5,68,1,1,0
490,2019,3,5,68,1,1,0
491,2019,3,5,68,1,1,0
492,2019,3,5,68,1,1,0
493,2019,3,5,68,1,1,0
494,2019,3,5,68,1,1,0
495,2019,3,5,68,1,1,0
496,2019,3,5,68,1,1,0
497,2019,3,5,68,1,1,0
498,2019,3,5,68,1,1,0
499,2019,3,5,68,1,1,0
500,2019,3,5,68,1,1,0
501,2019,3,5,68,1,1,0
502,2019,3,5,68,1,1,0
503,2019,3,5,68,1,1,0
504,2019,3,5,68,1,1,0
505,2019,3,5,68,1,1,0
506,2019,3,5,68,2,1,0
507,2019,3,5,68,1,1,0
508,2019,3,5,68,1,1,0
509,2019,3,5,68,2,1,0
510,2019,3,5,68,2,1,0
511,2019,3,5,68,1,1,0
512,2019,3,5,68,2,1,0
513,2019,3,5,68,1,1,0
514,2019,3,5,68,1,1,0
515,2019,3,5,68,1,1,0
516,2019,3,5,68,1,1,0
517,2019,3,5,68,1,1,0
518,2019,3,5,68,1,1,0
519,2019,3,5,68,1,1,0
520,2019,3,5,72,20,1,0
521,2019,3,5,72,20,1,0
522,2019,3,5,72,2,1,0
523,2019,3,5,72,5,1,0
524,2019,3,5,72,10,1,0
525,2019,3,5,72,10,1,0
526,2019,3,5,72,10,1,0
527,2019,3,5,72,10,1,0
528,2019,3,5,72,20,1,0
529,2019,3,5,72,4,1,0
530,2019,3,5,72,1,1,0
531,2019,3,5,72,11,1,0
532,2019,3,5,72,1,1,0
533,2019,3,5,72,5,1,0
534,2019,3,5,72,5,1,0
535,2019,3,5,84,1,1,0
536,2019,3,5,84,1,1,0
537,2019,3,5,84,1,1,0
538,2019,3,5,84,1,1,0
539,2019,3,5,84,1,1,0
540,2019,3,5,84,1,1,0
541,2019,3,5,84,1,1,0
542,2019,3,5,84,1,1,0
543,2019,3,5,100,1,1,0
544,2019,3,5,100,1,1,0
545,2019,3,5,100,1,1,0
546,2019,3,5,100,1,1,0
547,2019,3,5,100,1,1,0
548,2019,3,5,100,1,1,0
549,2019,3,5,100,1,1,0
550,2019,3,5,36,1,1,0
551,2019,3,5,36,1,1,0
552,2019,3,5,36,1,1,0
553,2019,3,5,36,1,1,0
554,2019,3,5,36,1,1,0
555,2019,3,5,36,1,1,0
556,2019,3,5,36,1,1,0
557,2019,3,5,36,1,1,0
558,2019,3,5,36,1,1,0
559,2019,3,5,36,1,1,0
560,2019,3,5,36,1,1,0
561,2019,3,5,36,1,1,0
562,2019,3,5,36,1,1,0
563,2019,3,5,36,1,1,0
564,2019,3,5,36,1,1,0
565,2019,3,5,36,1,1,0
566,2019,3,5,36,1,1,0
567,2019,3,5,36,1,1,0
568,2019,3,5,36,1,1,0
569,2019,3,5,36,1,1,0
570,2019,3,5,36,1,1,0
571,2019,3,5,36,1,1,0
572,2019,3,5,36,1,1,0
573,2019,3,5,36,1,1,0
574,2019,3,5,36,1,1,0
575,2019,3,5,36,1,1,0
576,2019,3,5,36,1,1,0
577,2019,3,5,36,2,1,0
578,2019,3,5,4,1,1,0
579,2019,3,5,4,1,1,0
580,2019,3,5,4,1,1,0
581,2019,3,5,4,1,1,0
582,2019,3,5,4,1,1,0
583,2019,3,5,4,1,1,0
584,2019,3,5,4,1,1,0
585,2019,3,5,4,1,1,0
586,2019,3,5,4,1,1,0
587,2019,3,5,8,2,1,0
588,2019,3,5,8,1,1,0
589,2019,3,5,8,1,1,0
590,2019,3,5,8,1,1,0
591,2019,3,5,8,1,1,0
592,2019,3,5,8,1,1,0
593,2019,3,5,8,1,1,0
594,2019,3,5,8,1,1,0
595,2019,3,5,8,1,1,0
596,2019,3,5,8,1,1,0
597,2019,3,5,8,1,1,0
598,2019,3,5,8,1,1,0
599,2019,3,5,8,1,1,0
600,2019,3,5,8,1,1,0
601,2019,3,5,8,1,1,0
602,2019,3,5,8,1,1,0
603,2019,3,5,8,1,1,0
604,2019,3,6,88,1,1,0
605,2019,3,6,88,1,1,0
606,2019,3,6,88,1,1,0
607,2019,3,6,88,1,1,0
608,2019,3,6,88,1,1,0
609,2019,3,6,88,1,1,0
610,2019,3,6,88,1,1,0
611,2019,3,6,88,1,1,0
612,2019,3,6,52,2,1,0
613,2019,3,6,52,1,1,0
614,2019,3,6,52,1,1,0
615,2019,3,6,52,1,1,0
616,2019,3,6,52,2,1,0
617,2019,3,6,52,1,1,0
618,2019,3,6,52,1,1,0
619,2019,3,6,52,1,1,0
620,2019,3,6,52,1,1,0
621,2019,3,6,52,1,1,0
622,2019,3,6,44,1,1,0
623,2019,3,6,44,1,1,0
624,2019,3,6,44,1,1,0
625,2019,3,6,44,1,1,0
626,2019,3,6,44,1,1,0
627,2019,3,6,44,2,1,0
628,2019,3,6,44,1,1,0
629,2019,3,6,44,1,1,0
630,2019,3,6,44,1,1,0
631,2019,3,6,44,1,1,0
632,2019,3,6,16,1,1,0
633,2019,3,6,16,1,1,0
634,2019,3,6,16,1,1,0
635,2019,3,6,16,1,1,0
636,2019,3,6,16,1,1,0
637,2019,3,6,16,1,1,0
638,2019,3,6,16,1,1,0
639,2019,3,6,16,1,1,0
640,2019,3,6,16,1,1,0
641,2019,3,6,16,1,1,0
642,2019,3,6,16,1,1,0
643,2019,3,6,16,1,1,0
644,2019,3,6,16,2,1,0
645,2019,3,6,16,1,1,0
646,2019,3,6,16,1,1,0
647,2019,3,6,16,1,1,0
648,2019,3,6,16,1,1,0
649,2019,3,6,16,1,1,0
650,2019,3,6,16,1,1,0
651,2019,3,6,16,1,1,0
652,2019,3,6,16,2,1,0
653,2019,3,6,16,1,1,0
654,2019,3,6,16,1,1,0
655,2019,3,6,16,1,1,0
656,2019,3,6,16,1,1,0
657,2019,3,6,16,1,1,0
658,2019,3,6,16,1,1,0
659,2019,3,6,16,1,1,0
660,2019,3,6,16,1,1,0
661,2019,3,6,16,5,1,0
662,2019,3,6,16,1,1,0
663,2019,3,6,16,1,1,0
664,2019,3,6,16,1,1,0
665,2019,3,6,16,1,1,0
666,2019,3,6,16,2,1,0
667,2019,3,6,16,1,1,0
668,2019,3,6,16,1,1,0
669,2019,3,6,16,2,1,0
670,2019,3,6,16,1,1,0
671,2019,3,6,16,1,1,0
672,2019,3,6,16,1,1,0
673,2019,3,6,16,1,1,0
674,2019,3,6,60,1,1,0
675,2019,3,6,60,1,1,0
676,2019,3,6,60,1,1,0
677,2019,3,6,60,2,1,0
678,2019,3,6,60,3,1,0
679,2019,3,6,28,1,1,0
680,2019,3,6,92,0,1,0
681,2019,3,6,104,2,1,0
682,2019,3,6,104,1,1,0
683,2019,3,6,104,1,1,0
684,2019,3,6,104,1,1,0
685,2019,3,6,104,1,1,0
686,2019,3,6,104,2,1,0
687,2019,3,6,104,2,1,0
688,2019,3,6,104,1,1,0
689,2019,3,6,40,1,1,0
690,2019,3,6,40,1,1,0
691,2019,3,6,56,1,1,0
692,2019,3,6,56,1,1,0
693,2019,3,6,56,1,1,0
694,2019,3,6,56,1,1,0
695,2019,3,6,56,2,1,0
696,2019,3,6,56,1,1,0
697,2019,3,6,56,1,1,0
698,2019,3,6,56,1,1,0
699,2019,3,6,56,1,1,0
700,2019,3,6,56,1,1,0
701,2019,3,7,111,1,1,0
702,2019,3,7,111,1,1,0
703,2019,3,7,111,1,1,0
704,2019,3,7,111,1,1,0
705,2019,3,7,111,1,1,0
706,2019,3,7,111,1,1,0
707,2019,3,7,111,1,1,0
708,2019,3,7,111,1,1,0
709,2019,3,7,111,1,1,0
710,2019,3,7,111,1,1,0
711,2019,3,7,111,1,1,0
712,2019,3,7,111,1,1,0
713,2019,3,7,63,0,1,0
714,2019,3,7,47,1,1,0
715,2019,3,7,47,1,1,0
716,2019,3,7,95,1,1,0
717,2019,3,7,15,5,1,0
718,2019,3,7,15,30,1,0
719,2019,3,7,15,270,1,0
720,2019,3,7,15,3200,1,0
721,2019,3,7,15,300,1,0
722,2019,3,7,15,1,1,0
723,2019,3,7,15,1,1,0
724,2019,3,7,15,1,1,0
725,2019,3,7,15,1,1,0
726,2019,3,7,15,20,1,0
727,2019,3,7,15,180,1,0
728,2019,3,7,15,810,1,0
729,2019,3,7,15,90,1,0
730,2019,3,7,15,1,1,0
731,2019,3,7,15,6,1,0
732,2019,3,7,15,1,1,0
733,2019,3,7,15,1,1,0
734,2019,3,7,15,1,1,0
735,2019,3,7,15,200,1,0
736,2019,3,7,15,2300,1,0
737,2019,3,7,15,1,1,0
738,2019,3,7,15,2,1,0
739,2019,3,7,15,1,1,0
740,2019,3,7,15,1,1,0
741,2019,3,7,15,1,1,0
742,2019,3,7,15,1,1,0
743,2019,3,7,15,3,1,0
744,2019,3,7,15,2,1,0
745,2019,3,7,15,2,1,0
746,2019,3,7,15,125,1,0
747,2019,3,7,15,25,1,0
748,2019,3,7,15,20,1,0
749,2019,3,7,15,200,1,0
750,2019,3,7,15,400,1,0
751,2019,3,7,15,300,1,0
752,2019,3,7,15,100,1,0
753,2019,3,7,15,3,1,0
754,2019,3,7,15,1,1,0
755,2019,3,7,15,2,1,0
756,2019,3,7,15,2,1,0
757,2019,3,7,15,1,1,0
758,2019,3,7,15,10,1,0
759,2019,3,7,15,1,1,0
760,2019,3,7,15,20,1,0
761,2019,3,7,15,25,1,0
762,2019,3,7,15,20,1,0
763,2019,3,7,15,30,1,0
764,2019,3,7,15,2,1,0
765,2019,3,7,15,2,1,0
766,2019,3,7,15,1,1,0
767,2019,3,7,15,250,1,0
768,2019,3,7,15,100,1,0
769,2019,3,7,15,200,1,0
770,2019,3,7,15,100,1,0
771,2019,3,7,15,100,1,0
772,2019,3,7,15,1,1,0
773,2019,3,7,15,1,1,0
774,2019,3,7,15,1,1,0
775,2019,3,7,15,1,1,0
776,2019,3,7,15,2,1,0
777,2019,3,7,15,3,1,0
778,2019,3,7,15,10,1,0
779,2019,3,7,15,5,1,0
780,2019,3,7,15,1,1,0
781,2019,3,7,15,100,1,0
782,2019,3,7,15,350,1,0
783,2019,3,7,15,50,1,0
784,2019,3,7,15,2,1,0
785,2019,3,7,15,1,1,0
786,2019,3,7,15,10,1,0
787,2019,3,7,15,5,1,0
788,2019,3,7,15,1,1,0
789,2019,3,7,15,1,1,0
790,2019,3,7,15,2,1,0
791,2019,3,7,15,10,1,0
792,2019,3,7,15,3,1,0
793,2019,3,7,15,1,1,0
794,2019,3,7,15,1,1,0
795,2019,3,8,79,1,1,0
796,2019,3,8,79,1,1,0
797,2019,3,8,79,3,1,0
798,2019,3,8,79,1,1,0
799,2019,3,8,79,1,1,0
800,2019,3,8,79,1,1,0
801,2019,3,8,79,1,1,0
802,2019,3,8,79,1,1,0
803,2019,3,8,79,1,1,0
804,2019,3,8,79,2,1,0
805,2019,3,8,79,1,1,0
806,2019,3,8,79,1,1,0
807,2019,3,8,79,1,1,0
808,2019,3,8,79,1,1,0
809,2019,3,8,79,1,1,0
810,2019,3,8,31,1,1,0
811,2019,3,8,80,1,1,0
812,2019,3,8,128,2,1,0
813,2019,3,8,32,1,1,0
814,2019,3,8,32,1,1,0
815,2019,3,8,112,1,1,0
816,2019,3,8,112,1,1,0
817,2019,3,8,112,2,1,0
818,2019,3,8,112,1,1,0
819,2019,3,8,112,2,1,0
820,2019,3,8,112,1,1,0
821,2019,3,8,112,1,1,0
822,2019,3,8,112,1,1,0
823,2019,3,8,112,1,1,0
824,2019,3,8,112,1,1,0
825,2019,3,8,112,1,1,0
826,2019,3,8,112,2,1,0
827,2019,3,8,112,1,1,0
828,2019,3,8,112,1,1,0
829,2019,3,8,112,1,1,0
830,2019,3,8,112,1,1,0
831,2019,3,8,112,2,1,0
832,2019,3,8,112,1,1,0
833,2019,3,8,112,1,1,0
834,2019,3,8,112,1,1,0
835,2019,3,8,112,1,1,0
836,2019,3,8,112,1,1,0
837,2019,3,8,112,3,1,0
838,2019,3,8,112,2,1,0
839,2019,3,8,112,1,1,0
840,2019,3,8,112,1,1,0
841,2019,3,8,112,1,1,0
842,2019,3,8,112,1,1,0
843,2019,3,8,112,1,1,0
844,2019,3,8,112,1,1,0
845,2019,3,8,112,1,1,0
846,2019,3,8,112,1,1,0
847,2019,3,8,112,1,1,0
848,2019,3,8,112,1,1,0
849,2019,3,9,64,1,1,0
850,2019,3,9,64,1,1,0
851,2019,3,9,64,1,1,0
852,2019,3,9,76,1,1,0
853,2019,3,9,76,2,1,0
854,2019,3,9,48,1,1,0
855,2019,3,9,48,1,1,0
856,2019,3,9,96,1,1,0
857,2019,3,9,96,1,1,0
858,2019,3,9,96,2,1,0
859,2019,3,9,96,1,1,0
860,2019,3,9,96,1,1,0
861,2019,3,9,96,1,1,0
862,2019,3,9,96,1,1,0
863,2019,3,9,96,5,1,0
864,2019,3,9,96,4,1,0
865,2019,3,9,96,15,1,0
866,2019,3,9,96,1,1,0
867,2019,3,9,96,1,1,0
868,2019,3,9,96,1,1,0
869,2019,3,9,96,1,1,0
870,2019,3,9,96,3,1,0
871,2019,3,9,96,1,1,0
872,2019,3,9,96,1,1,0
873,2019,3,9,96,1,1,0
874,2019,3,9,96,1,1,0
875,2019,3,9,96,1,1,0
876,2019,3,9,96,1,1,0
877,2019,3,9,96,1,1,0
878,2019,3,9,96,1,1,0
879,2019,3,9,96,1,1,0
880,2019,3,9,96,1,1,0
881,2019,3,9,96,2,1,0
882,2019,3,9,96,1,1,0
883,2019,3,9,96,1,1,0
884,2019,3,9,96,1,1,0
885,2019,3,9,96,1,1,0
886,2019,3,9,96,1,1,0
887,2019,3,9,96,1,1,0
888,2019,3,9,96,1,1,0
889,2019,3,9,96,2,1,0
890,2019,3,9,96,1,1,0
891,2019,3,9,96,1,1,0
892,2019,3,9,96,1,1,0
893,2019,3,9,96,1,1,0
894,2019,3,9,96,1,1,0
895,2019,3,9,96,1,1,0
896,2019,3,9,96,1,1,0
897,2019,3,9,96,4,1,0
898,2019,3,9,96,1,1,0
899,2019,3,9,96,1,1,0
900,2019,3,9,96,45,1,0
901,2019,3,9,96,10,1,0
902,2019,3,9,96,40,1,0
903,2019,3,9,96,20,1,0
904,2019,3,9,96,1,1,0
905,2019,3,9,96,1,1,0
906,2019,3,9,96,2,1,0
907,2019,3,9,96,1,1,0
908,2019,3,9,96,1,1,0
909,2019,3,9,96,1,1,0
910,2019,3,9,96,1,1,0
911,2019,3,9,96,1,1,0
912,2019,3,9,96,2,1,0
913,2019,3,9,96,1,1,0
914,2019,3,9,96,1,1,0
915,2019,3,9,96,1,1,0
916,2019,3,9,96,1,1,0
917,2019,3,9,96,2,1,0
918,2019,3,9,12,1,1,0
919,2019,3,9,12,1,1,0
920,2019,3,9,124,1,1,0
921,2019,3,9,124,1,1,0
922,2019,3,9,124,1,1,0
923,2019,3,9,124,1,1,0
924,2019,3,9,124,1,1,0
925,2019,3,9,124,1,1,0
926,2019,3,9,124,1,1,0
927,2019,3,9,124,1,1,0
928,2019,3,9,124,1,1,0
929,2019,3,9,124,1,1,0
930,2019,3,9,124,1,1,0
931,2019,3,9,124,1,1,0
932,2019,3,9,124,1,1,0
933,2019,3,9,124,1,1,0
934,2019,3,9,124,1,1,0
935,2019,3,9,124,2,1,0
936,2019,3,9,124,2,1,0
937,2019,3,9,124,1,1,0
938,2019,3,9,124,1,1,0
939,2019,3,9,124,1,1,0
940,2019,3,9,124,1,1,0
941,2019,3,9,124,1,1,0
942,2019,3,9,124,6,1,0
943,2019,3,9,124,1,1,0
944,2019,2,24,55,1,1,0
945,2019,2,24,55,1,1,0
946,2019,2,24,55,1,1,0
947,2019,2,24,55,5,1,0
948,2019,2,24,55,2,1,0
949,2019,2,24,55,2,1,0
950,2019,2,24,55,1,1,0
951,2019,2,24,55,1,1,0
952,2019,2,24,55,1,1,0
953,2019,2,24,55,1,1,0
954,2019,2,24,55,1,1,0
955,2019,2,24,55,1,1,0
956,2019,2,24,55,1,1,0
957,2019,2,24,55,1,1,0
958,2019,2,24,55,2,1,0
959,2019,2,24,55,1,1,0
960,2019,2,24,55,1,1,0
961,2019,2,24,55,1,1,0
962,2019,2,24,55,2,1,0
963,2019,2,24,55,1,1,0
964,2019,2,24,55,1,1,0
965,2019,2,24,55,1,1,0
966,2019,2,24,55,1,1,0
967,2019,2,24,51,1,1,0
968,2019,2,24,51,7,1,0
969,2019,2,24,51,1,1,0
970,2019,2,24,51,1,1,0
971,2019,2,24,51,1,1,0
972,2019,2,24,51,1,1,0
973,2019,2,24,115,2,1,0
974,2019,2,24,115,3,1,0
975,2019,2,24,115,1,1,0
976,2019,2,24,115,1,1,0
977,2019,2,24,115,18,1,0
978,2019,2,24,115,65,1,0
979,2019,2,24,115,2,1,0
980,2019,2,24,115,1,1,0
981,2019,2,24,115,1,1,0
982,2019,2,24,115,9,1,0
983,2019,2,24,115,40,1,0
984,2019,2,24,115,1,1,0
985,2019,2,24,115,5,1,0
986,2019,2,24,115,1,1,0
987,2019,2,24,7,3,1,0
988,2019,2,24,7,1,1,0
989,2019,2,24,7,1,1,0
990,2019,2,24,7,7,1,0
991,2019,2,24,7,1,1,0
992,2019,2,24,7,1,1,0
993,2019,2,24,103,1,1,0
994,2019,2,24,103,1,1,0
995,2019,2,24,103,1,1,0
996,2019,2,24,103,1,1,0
997,2019,2,24,103,1,1,0
998,2019,2,24,103,1,1,0
999,2019,2,24,103,1,1,0
1000,2019,2,24,103,1,1,0
1001,2019,2,24,103,1,1,0
1002,2019,2,24,103,1,1,0
1003,2019,2,24,103,1,1,0
1004,2019,2,24,103,1,1,0
1005,2019,2,24,103,1,1,0
1006,2019,2,24,103,1,1,0
1007,2019,2,24,103,1,1,0
1008,2019,2,24,103,1,1,0
1009,2019,2,24,103,1,1,0
1010,2019,2,24,103,1,1,0
1011,2019,2,24,103,1,1,0
1012,2019,2,24,103,1,1,0
1013,2019,2,24,103,1,1,0
1014,2019,2,24,103,1,1,0
1015,2019,2,24,103,1,1,0
1016,2019,2,24,103,1,1,0
1017,2019,2,24,103,1,1,0
1018,2019,2,24,103,1,1,0
1019,2019,2,24,103,1,1,0
1020,2019,2,24,99,1,1,0
1021,2019,2,24,99,1,1,0
1022,2019,2,24,99,2,1,0
1023,2019,2,24,35,1,1,0
1024,2019,2,24,10,0,1,0
1025,2019,2,24,38,1,1,0
1026,2019,2,24,38,1,1,0
1027,2019,2,24,38,1,1,0
1028,2019,2,25,135,1,1,0
1029,2019,2,25,135,1,1,0
1030,2019,2,25,135,2,1,0
1031,2019,2,25,135,50,1,0
1032,2019,2,25,135,1,1,0
1033,2019,2,25,135,1,1,0
1034,2019,2,25,135,1,1,0
1035,2019,2,25,102,0,1,0
1036,2019,2,25,118,1,1,0
1037,2019,2,25,54,1,1,0
1038,2019,2,25,54,1,1,0
1039,2019,2,25,54,1,1,0
1040,2019,2,25,54,1,1,0
1041,2019,2,25,54,1,1,0
1042,2019,2,25,54,1,1,0
1043,2019,2,25,54,1,1,0
1044,2019,2,25,54,1,1,0
1045,2019,2,25,54,1,1,0
1046,2019,2,25,70,1,1,0
1047,2019,2,25,70,1,1,0
1048,2019,2,25,70,1,1,0
1049,2019,2,25,70,3,1,0
1050,2019,2,25,70,2,1,0
1051,2019,2,25,70,2,1,0
1052,2019,2,25,70,1,1,0
1053,2019,2,25,70,1,1,0
1054,2019,2,25,70,1,1,0
1055,2019,2,25,70,1,1,0
1056,2019,2,25,70,1,1,0
1057,2019,2,25,70,1,1,0
1058,2019,2,25,70,1,1,0
1059,2019,2,25,70,1,1,0
1060,2019,2,25,70,1,1,0
1061,2019,2,25,70,2,1,0
1062,2019,2,25,70,1,1,0
1063,2019,2,25,70,1,1,0
1064,2019,2,25,70,1,1,0
1065,2019,2,25,70,1,1,0
1066,2019,2,25,134,1,1,0
1067,2019,2,25,134,1,1,0
1068,2019,2,25,134,1,1,0
1069,2019,2,25,134,1,1,0
1070,2019,2,25,134,1,1,0
1071,2019,2,25,134,3,1,0
1072,2019,2,25,134,1,1,0
1073,2019,2,25,134,2,1,0
1074,2019,2,25,134,1,1,0
1075,2019,2,25,134,2,1,0
1076,2019,2,25,134,1,1,0
1077,2019,2,25,134,1,1,0
1078,2019,2,25,134,1,1,0
1079,2019,2,25,134,1,1,0
1080,2019,2,25,134,1,1,0
1081,2019,2,25,134,2,1,0
1082,2019,2,25,134,1,1,0
1083,2019,2,25,134,1,1,0
1084,2019,2,25,134,1,1,0
1085,2019,2,25,74,75,1,0
1086,2019,2,25,74,15,1,0
1087,2019,2,25,74,1,1,0
1088,2019,2,25,74,1,1,0
1089,2019,2,25,74,1,1,0
1090,2019,2,25,74,1,1,0
1091,2019,2,25,74,1,1,0
1092,2019,2,25,74,2,1,0
1093,2019,2,25,74,2,1,0
1094,2019,2,25,74,1,1,0
1095,2019,2,25,74,1,1,0
1096,2019,2,25,74,1,1,0
1097,2019,2,25,74,4,1,0
1098,2019,2,26,106,1,1,0
1099,2019,2,26,26,1,1,0
1100,2019,2,26,26,2,1,0
1101,2019,2,26,26,1,1,0
1102,2019,2,26,26,1,1,0
1103,2019,2,26,26,1,1,0
1104,2019,2,26,26,1,1,0
1105,2019,2,26,90,1,1,0
1106,2019,2,26,90,903,1,0
1107,2019,2,26,90,1,1,0
1108,2019,2,26,90,1,1,0
1109,2019,2,26,90,1,1,0
1110,2019,2,26,90,1,1,0
1111,2019,2,26,90,1,1,0
1112,2019,2,26,90,1,1,0
1113,2019,2,26,42,1,1,0
1114,2019,2,26,42,1,1,0
1115,2019,2,26,42,2,1,0
1116,2019,2,26,22,7,1,0
1117,2019,2,26,22,2,1,0
1118,2019,2,26,22,1,1,0
1119,2019,2,26,22,1,1,0
1120,2019,2,26,22,1,1,0
1121,2019,2,26,22,1,1,0
1122,2019,2,26,22,1,1,0
1123,2019,2,26,22,1,1,0
1124,2019,2,26,22,1,1,0
1125,2019,2,26,22,1,1,0
1126,2019,2,26,86,1,1,0
1127,2019,2,26,86,1,1,0
1128,2019,2,26,86,1,1,0
1129,2019,2,26,86,1,1,0
1130,2019,2,26,86,1,1,0
1131,2019,2,26,86,1,1,0
1132,2019,2,26,86,1,1,0
1133,2019,2,26,2,1,1,0
1134,2019,2,27,6,2,1,0
1135,2019,2,27,6,1,1,0
1136,2019,2,27,6,1,1,0
1137,2019,2,27,6,1,1,0
1138,2019,2,27,6,1,1,0
1139,2019,2,27,6,1,1,0
1140,2019,2,27,6,2,1,0
1141,2019,2,27,6,1,1,0
1142,2019,2,27,6,1,1,0
1143,2019,2,27,6,1,1,0
1144,2019,2,27,93,0,1,0
1145,2019,2,27,29,1,1,0
1146,2019,2,27,29,1,1,0
1147,2019,2,27,29,1,1,0
1148,2019,2,27,29,2,1,0
1149,2019,2,27,29,1,1,0
1150,2019,2,27,66,2,1,0
1151,2019,2,27,66,1,1,0
1152,2019,2,27,66,1,1,0
1153,2019,2,27,66,1,1,0
1154,2019,2,27,66,1,1,0
1155,2019,2,27,66,1,1,0
1156,2019,2,27,66,1,1,0
1157,2019,2,27,66,1,1,0
1158,2019,2,27,66,1,1,0
1159,2019,2,27,66,1,1,0
1160,2019,2,27,66,1,1,0
1161,2019,2,27,66,1,1,0
1162,2019,2,27,66,1,1,0
1163,2019,2,27,66,6,1,0
1164,2019,2,27,66,1,1,0
1165,2019,2,27,66,1,1,0
1166,2019,2,27,109,1,1,0
1167,2019,2,27,109,1,1,0
1168,2019,2,27,109,1,1,0
1169,2019,2,27,109,1,1,0
1170,2019,2,27,109,1,1,0
1171,2019,2,27,109,1,1,0
1172,2019,2,27,109,1,1,0
1173,2019,2,27,109,2,1,0
1174,2019,2,27,109,1,1,0
1175,2019,2,27,50,11,1,0
1176,2019,2,27,50,1,1,0
1177,2019,2,27,50,1,1,0
1178,2019,2,27,50,1,1,0
1179,2019,2,27,50,1,1,0
1180,2019,2,27,50,1,1,0
1181,2019,2,27,50,1,1,0
1182,2019,2,27,50,1,1,0
1183,2019,2,27,50,2,1,0
1184,2019,2,27,50,2,1,0
1185,2019,2,27,50,1,1,0
1186,2019,2,27,50,1,1,0
1187,2019,2,27,50,1,1,0
1188,2019,2,27,50,1,1,0
1189,2019,2,27,50,1,1,0
1190,2019,2,27,50,1,1,0
1191,2019,2,27,50,1,1,0
1192,2019,2,27,50,1,1,0
1193,2019,2,27,50,1,1,0
1194,2019,2,27,50,1,1,0
1195,2019,2,27,50,1,1,0
1196,2019,2,27,50,1,1,0
1197,2019,2,27,50,6,1,0
1198,2019,2,27,50,1,1,0
1199,2019,2,27,50,1,1,0
1200,2019,2,27,50,1,1,0
1201,2019,2,27,50,1,1,0
1202,2019,2,27,50,1,1,0
1203,2019,2,27,50,1,1,0
1204,2019,2,27,34,1,1,0
1205,2019,2,27,34,1,1,0
1206,2019,2,27,34,1,1,0
1207,2019,2,27,34,1,1,0
1208,2019,2,27,34,1,1,0
1209,2019,2,27,34,2,1,0
1210,2019,2,27,34,7,1,0
1211,2019,2,27,34,1,1,0
1212,2019,2,27,34,4,1,0
1213,2019,2,27,34,2,1,0
1214,2019,2,27,34,1,1,0
1215,2019,2,27,34,7,1,0
1216,2019,2,27,34,1,1,0
1217,2019,2,27,34,1,1,0
1218,2019,2,27,34,1,1,0
1219,2019,2,27,34,1,1,0
1220,2019,2,27,34,1,1,0
1221,2019,2,27,34,1,1,0
1222,2019,2,27,34,1,1,0
1223,2019,2,27,34,1,1,0
1224,2019,2,27,34,1,1,0
1225,2019,2,27,34,1,1,0
1226,2019,2,27,34,1,1,0
1227,2019,2,27,34,1,1,0
1228,2019,2,27,34,1,1,0
1229,2019,2,27,34,1,1,0
1230,2019,2,27,34,14,1,0
1231,2019,2,27,34,1,1,0
1232,2019,2,27,34,1,1,0
1233,2019,2,27,34,3,1,0
1234,2019,2,27,34,2,1,0
1235,2019,2,27,34,1,1,0
1236,2019,2,27,34,1,1,0
1237,2019,2,27,34,2,1,0
1238,2019,2,27,34,2,1,0
1239,2019,2,27,34,5,1,0
1240,2019,2,27,34,1,1,0
1241,2019,2,27,34,1,1,0
1242,2019,2,27,34,1,1,0
1243,2019,2,27,34,1,1,0
1244,2019,2,27,34,6,1,0
1245,2019,2,27,34,1,1,0
1246,2019,2,27,34,1,1,0
1247,2019,2,27,34,3,1,0
1248,2019,2,27,34,1,1,0
1249,2019,2,27,34,1,1,0
1250,2019,2,27,34,1,1,0
1251,2019,2,27,34,1,1,0
1252,2019,2,28,98,8,1,0
1253,2019,2,28,98,3,1,0
1254,2019,2,28,98,2,1,0
1255,2019,2,28,98,1,1,0
1256,2019,2,28,98,1,1,0
1257,2019,2,28,98,1,1,0
1258,2019,2,28,98,1,1,0
1259,2019,2,28,98,1,1,0
1260,2019,2,28,98,1,1,0
1261,2019,2,28,98,1,1,0
1262,2019,2,28,98,1,1,0
1263,2019,2,28,98,1,1,0
1264,2019,2,28,98,1,1,0
1265,2019,2,28,98,1,1,0
1266,2019,2,28,98,1,1,0
1267,2019,2,28,98,2,1,0
1268,2019,2,28,98,2,1,0
1269,2019,2,28,98,145,1,0
1270,2019,2,28,98,1,1,0
1271,2019,2,28,98,1,1,0
1272,2019,2,28,98,1,1,0
1273,2019,2,28,98,1,1,0
1274,2019,2,28,98,1,1,0
1275,2019,2,28,98,1,1,0
1276,2019,2,28,98,1,1,0
1277,2019,2,28,98,2,1,0
1278,2019,2,28,98,1,1,0
1279,2019,2,28,98,1,1,0
1280,2019,2,28,98,4,1,0
1281,2019,2,28,98,12,1,0
1282,2019,2,28,98,7,1,0
1283,2019,2,28,98,20,1,0
1284,2019,2,28,98,1,1,0
1285,2019,2,28,98,12,1,0
1286,2019,2,28,98,1,1,0
1287,2019,2,28,98,2,1,0
1288,2019,2,28,98,2,1,0
1289,2019,2,28,98,1,1,0
1290,2019,2,28,98,1,1,0
1291,2019,2,28,98,1,1,0
1292,2019,2,28,98,1,1,0
1293,2019,2,28,98,1,1,0
1294,2019,2,28,98,1,1,0
1295,2019,2,28,98,1,1,0
1296,2019,2,28,98,5,1,0
1297,2019,2,28,98,2,1,0
1298,2019,2,28,98,2,1,0
1299,2019,2,28,98,1,1,0
1300,2019,2,28,98,1,1,0
1301,2019,2,28,98,2,1,0
1302,2019,2,28,98,1,1,0
1303,2019,2,28,98,1,1,0
1304,2019,2,28,98,1,1,0
1305,2019,2,28,98,1,1,0
1306,2019,2,28,98,1,1,0
1307,2019,2,28,98,2,1,0
1308,2019,2,28,98,4,1,0
1309,2019,2,28,98,1,1,0
1310,2019,2,28,98,1,1,0
1311,2019,2,28,98,1,1,0
1312,2019,2,28,98,2,1,0
1313,2019,2,28,98,8,1,0
1314,2019,2,28,98,1,1,0
1315,2019,2,28,98,4,1,0
1316,2019,2,28,98,2,1,0
1317,2019,2,28,98,2,1,0
1318,2019,2,28,98,1,1,0
1319,2019,2,28,98,1,1,0
1320,2019,2,28,98,1,1,0
1321,2019,2,28,49,1,1,0
1322,2019,2,28,5,0,1,0
1323,2019,2,28,33,1,1,0
1324,2019,2,28,33,1,1,0
1325,2019,2,28,33,1,1,0
1326,2019,2,28,33,1,1,0
1327,2019,2,28,33,1,1,0
1328,2019,2,28,97,1,1,0
1329,2019,2,28,97,1,1,0
1330,2019,2,28,97,3,1,0
1331,2019,2,28,97,2,1,0
1332,2019,2,28,97,1,1,0
1333,2019,2,28,97,2,1,0
1334,2019,2,28,97,13,1,0
1335,2019,2,28,97,1,1,0
1336,2019,2,28,97,1,1,0
1337,2019,2,28,97,1,1,0
1338,2019,2,28,97,1,1,0
1339,2019,2,28,97,1,1,0
1340,2019,2,28,97,1,1,0
1341,2019,2,28,97,1,1,0
1342,2019,2,28,97,1,1,0
1343,2019,2,28,97,1,1,0
1344,2019,2,28,97,1,1,0
1345,2019,2,28,97,1,1,0
1346,2019,2,28,97,1,1,0
1347,2019,2,28,97,1,1,0
1348,2019,2,28,97,1,1,0
1349,2019,2,28,97,1,1,0
1350,2019,2,28,97,1,1,0
1351,2019,2,28,97,1,1,0
1352,2019,2,28,97,1,1,0
1353,2019,2,28,97,1,1,0
1354,2019,2,28,97,1,1,0
1355,2019,2,28,97,1,1,0
1356,2019,2,28,97,1,1,0
1357,2019,2,28,97,1,1,0
1358,2019,2,28,97,1,1,0
1359,2019,2,28,97,1,1,0
1360,2019,2,28,97,2,1,0
1361,2019,2,28,97,1,1,0
1362,2019,2,28,97,2,1,0
1363,2019,2,28,37,1,1,0
1364,2019,2,28,37,4,1,0
1365,2019,2,28,37,1,1,0
1366,2019,2,28,37,1,1,0
1367,2019,2,28,37,2,1,0
1368,2019,2,28,37,1,1,0
1369,2019,2,28,37,4,1,0
1370,2019,2,28,37,2,1,0
1371,2019,2,28,37,1,1,0
1372,2019,2,28,37,3,1,0
1373,2019,2,28,37,7,1,0
1374,2019,2,28,37,2,1,0
1375,2019,2,28,37,1,1,0
1376,2019,2,28,37,1,1,0
1377,2019,2,28,37,1,1,0
1378,2019,2,28,37,1,1,0
1379,2019,2,28,37,2,1,0
1380,2019,2,28,37,3,1,0
1381,2019,2,28,37,2,1,0
1382,2019,2,28,37,1,1,0
1383,2019,2,28,37,2,1,0
1384,2019,2,28,37,1,1,0
1385,2019,2,28,37,1,1,0
1386,2019,2,28,37,2,1,0
1387,2019,2,28,37,2,1,0
1388,2019,2,28,37,1,1,0
1389,2019,2,28,37,1,1,0
1390,2019,2,28,37,2,1,0
1391,2019,2,28,37,3,1,0
1392,2019,2,28,37,2,1,0
1393,2019,2,28,37,3,1,0
1394,2019,2,28,37,1,1,0
1395,2019,2,28,37,2,1,0
1396,2019,2,28,37,1,1,0
1397,2019,2,28,37,1,1,0
1398,2019,2,28,37,1,1,0
1399,2019,2,28,37,1,1,0
1400,2019,2,28,37,1,1,0
1401,2019,2,28,37,1,1,0
1402,2019,2,28,37,1,1,0
1403,2019,2,28,37,1,1,0
1404,2019,2,28,37,1,1,0
1405,2019,2,28,37,1,1,0
1406,2019,2,28,37,1,1,0
1407,2019,2,28,37,1,1,0
1408,2019,2,28,37,10,1,0
1409,2019,2,28,37,1,1,0
1410,2019,2,28,37,1,1,0
1411,2019,2,28,37,1,1,0
1412,2019,2,28,37,30,1,0
1413,2019,2,28,37,3,1,0
1414,2019,2,28,37,2,1,0
1415,2019,2,28,37,1,1,0
1416,2019,2,28,37,2,1,0
1417,2019,2,28,37,1,1,0
1418,2019,2,28,37,100,1,0
1419,2019,2,28,37,1,1,0
1420,2019,2,28,37,1,1,0
1421,2019,2,28,37,4,1,0
1422,2019,2,28,37,1,1,0
1423,2019,2,28,37,2,1,0
1424,2019,2,28,37,2,1,0
1425,2019,2,28,37,1,1,0
1426,2019,2,28,37,2,1,0
1427,2019,2,28,37,1,1,0
1428,2019,2,28,37,2,1,0
1429,2019,2,28,37,2,1,0
1430,2019,2,28,37,30,1,0
1431,2019,2,28,37,3,1,0
1432,2019,2,28,37,1,1,0
1433,2019,2,28,37,2,1,0
1434,2019,2,28,37,2,1,0
1435,2019,2,28,69,1,1,0
1436,2019,2,28,69,1,1,0
1437,2019,2,28,69,1,1,0
1438,2019,2,28,69,55,1,0
1439,2019,2,28,69,1,1,0
1440,2019,2,28,69,1,1,0
1441,2019,2,28,69,3,1,0
1442,2019,2,28,69,1,1,0
1443,2019,2,28,69,1,1,0
1444,2019,2,28,69,1,1,0
1445,2019,2,28,69,1,1,0
1446,2019,2,28,69,1,1,0
1447,2019,2,28,69,1,1,0
1448,2019,2,28,65,1,1,0
1449,2019,2,28,65,5,1,0
1450,2019,2,28,65,2,1,0
1451,2019,2,28,65,1,1,0
1452,2019,2,28,65,1,1,0
1453,2019,2,28,1,1,1,0
1454,2019,2,28,1,1,1,0
1455,2019,2,28,1,1,1,0
1456,2019,2,28,1,1,1,0
1457,2019,2,28,1,1,1,0
1458,2019,2,28,1,1,1,0
1459,2019,2,28,85,0,1,0
1460,2019,3,1,21,1,1,0
1461,2019,3,1,21,1,1,0
1462,2019,3,1,21,1,1,0
1463,2019,3,1,17,1,1,0
1464,2019,3,1,17,1,1,0
1465,2019,3,1,17,1,1,0
1466,2019,3,1,17,1,1,0
1467,2019,3,1,9,1,1,0
1468,2019,3,1,9,1,1,0
1469,2019,3,1,9,2,1,0
1470,2019,3,1,9,2,1,0
1471,2019,3,1,9,1,1,0
1472,2019,3,1,9,1,1,0
1473,2019,3,1,9,1,1,0
1474,2019,3,1,9,2,1,0
1475,2019,3,1,9,1,1,0
1476,2019,3,1,9,1,1,0
1477,2019,3,1,9,1,1,0
1478,2019,3,1,9,1,1,0
1479,2019,3,1,9,1,1,0
1480,2019,3,1,9,1,1,0
1481,2019,3,1,73,1,1,0
1482,2019,3,1,73,1,1,0
1483,2019,3,1,73,1,1,0
1484,2019,3,1,73,1,1,0
1485,2019,3,1,73,1,1,0
1486,2019,3,1,73,1,1,0
1487,2019,3,1,73,1,1,0
1488,2019,3,1,73,1,1,0
1489,2019,3,1,73,1,1,0
1490,2019,3,1,73,1,1,0
1491,2019,3,1,73,1,1,0
1492,2019,3,1,73,1,1,0
1493,2019,3,1,73,1,1,0
1494,2019,3,1,73,1,1,0
1495,2019,3,1,73,1,1,0
1496,2019,3,1,73,1,1,0
1497,2019,3,1,73,1,1,0
1498,2019,3,1,101,2,1,0
1499,2019,3,1,101,1,1,0
1500,2019,3,1,101,1,1,0
1501,2019,3,1,101,3,1,0
1502,2019,3,1,101,5,1,0
1503,2019,3,1,101,2,1,0
1504,2019,3,1,101,2,1,0
1505,2019,3,1,101,3,1,0
1506,2019,3,1,101,2,1,0
1507,2019,3,1,101,1,1,0
1508,2019,3,1,101,1,1,0
1509,2019,3,1,101,1,1,0
1510,2019,3,1,101,1,1,0
1511,2019,3,1,101,1,1,0
1512,2019,3,1,101,1,1,0
1513,2019,3,1,101,1,1,0
1514,2019,3,1,101,1,1,0
1515,2019,3,1,101,2,1,0
1516,2019,3,1,101,3,1,0
1517,2019,3,1,101,1,1,0
1518,2019,3,1,101,1,1,0
1519,2019,3,1,101,1,1,0
1520,2019,3,1,101,1,1,0
1521,2019,3,1,101,4,1,0
1522,2019,3,1,101,2,1,0
1523,2019,3,1,101,2,1,0
1524,2019,3,1,101,4,1,0
1525,2019,3,1,101,1,1,0
1526,2019,3,1,101,1,1,0
1527,2019,3,1,101,1,1,0
1528,2019,3,1,101,8,1,0
1529,2019,3,1,101,1,1,0
1530,2019,3,1,101,2,1,0
1531,2019,3,1,101,3,1,0
1532,2019,3,1,25,1,1,0
1533,2019,3,1,25,1,1,0
1534,2019,3,1,25,1,1,0
1535,2019,3,1,25,1,1,0
1536,2019,3,1,25,2,1,0
1537,2019,3,1,25,1,1,0
1538,2019,3,1,25,5,1,0
1539,2019,3,1,25,1,1,0
1540,2019,3,1,25,1,1,0
1541,2019,3,1,25,2,1,0
1542,2019,3,1,25,2,1,0
1543,2019,3,1,25,1,1,0
1544,2019,3,1,25,1,1,0
1545,2019,3,1,25,1,1,0
1546,2019,3,1,25,2,1,0
1547,2019,3,1,25,1,1,0
1548,2019,3,1,25,1,1,0
1549,2019,3,1,25,1,1,0
1550,2019,3,1,25,2,1,0
1551,2019,3,1,25,1,1,0
1552,2019,3,1,25,1,1,0
1553,2019,3,1,25,1,1,0
1554,2019,3,1,25,1,1,0
1555,2019,3,1,25,1,1,0
1556,2019,3,1,25,2,1,0
1557,2019,3,1,25,2,1,0
1558,2019,3,1,25,1,1,0
1559,2019,3,1,25,1,1,0
1560,2019,3,1,53,1,1,0
1561,2019,3,1,53,1,1,0
1562,2019,3,1,53,2,1,0
1563,2019,3,1,53,1,1,0
1564,2019,3,1,53,1,1,0
1565,2019,3,1,53,2,1,0
1566,2019,3,1,53,5,1,0
1567,2019,3,1,53,2,1,0
1568,2019,3,1,53,1,1,0
1569,2019,3,1,53,1,1,0
1570,2019,3,1,53,1,1,0
1571,2019,3,1,53,1,1,0
1572,2019,3,1,53,1,1,0
1573,2019,3,1,53,1,1,0
1574,2019,3,1,53,1,1,0
1575,2019,3,1,53,1,1,0
1576,2019,3,1,53,1,1,0
1577,2019,3,1,53,3,1,0
1578,2019,3,1,53,2,1,0
1579,2019,3,1,53,1,1,0
1580,2019,3,1,53,2,1,0
1581,2019,3,1,53,1,1,0
1582,2019,3,1,53,1,1,0
1583,2019,3,1,53,2,1,0
1584,2019,3,1,53,2,1,0
1585,2019,3,1,53,1,1,0
1586,2019,3,1,53,1,1,0
1587,2019,3,1,53,1,1,0
1588,2019,3,1,53,1,1,0
1589,2019,3,1,53,1,1,0
1590,2019,3,1,53,1,1,0
1591,2019,3,1,53,1,1,0
1592,2019,3,1,53,1,1,0
1593,2019,3,1,53,1,1,0
1594,2019,3,1,53,1,1,0
1595,2019,3,1,53,2,1,0
1596,2019,3,1,53,1,1,0
1597,2019,3,1,53,1,1,0
1598,2019,3,1,53,1,1,0
1599,2019,3,1,53,1,1,0
1600,2019,3,1,53,4,1,0
1601,2019,3,1,53,2,1,0
1602,2019,3,1,53,2,1,0
1603,2019,3,1,53,1,1,0
1604,2019,3,1,53,1,1,0
1605,2019,3,1,53,2,1,0
1606,2019,3,1,53,1,1,0
1607,2019,3,1,53,1,1,0
1608,2019,3,1,53,5,1,0
1609,2019,3,1,53,4,1,0
1610,2019,3,1,53,2,1,0
1611,2019,3,1,53,1,1,0
1612,2019,3,1,53,1,1,0
1613,2019,3,1,53,2,1,0
1614,2019,3,1,53,1,1,0
1615,2019,3,1,53,2,1,0
1616,2019,3,1,53,1,1,0
1617,2019,3,1,53,1,1,0
1618,2019,3,1,53,1,1,0
1619,2019,3,1,53,1,1,0
1620,2019,3,1,53,1,1,0
1621,2019,3,1,53,1,1,0
1622,2019,3,1,53,1,1,0
1623,2019,3,1,53,1,1,0
1624,2019,3,1,53,2,1,0
1625,2019,3,1,53,2,1,0
1626,2019,3,1,53,1,1,0
1627,2019,3,1,53,1,1,0
1628,2019,3,1,53,1,1,0
1629,2019,3,1,53,4,1,0
1630,2019,3,1,53,1,1,0
1631,2019,3,1,53,1,1,0
1632,2019,3,1,53,1,1,0
1633,2019,3,1,53,1,1,0
1634,2019,3,1,53,6,1,0
1635,2019,3,1,53,2,1,0
1636,2019,3,1,53,1,1,0
1637,2019,3,1,53,1,1,0
1638,2019,3,1,89,1,1,0
1639,2019,3,1,89,1,1,0
1640,2019,3,1,89,1,1,0
1641,2019,3,1,89,1,1,0
1642,2019,3,1,41,1,1,0
1643,2019,3,1,41,1,1,0
1644,2019,3,1,41,1,1,0
1645,2019,3,1,41,2,1,0
1646,2019,3,1,41,2,1,0
1647,2019,3,1,41,1,1,0
1648,2019,3,1,41,1,1,0
1649,2019,3,1,41,2,1,0
1650,2019,3,1,41,1,1,0
1651,2019,3,1,41,1,1,0
1652,2019,3,1,41,1,1,0
1653,2019,3,1,41,1,1,0
1654,2019,3,1,41,1,1,0
1655,2019,3,1,41,2,1,0
1656,2019,3,1,41,3,1,0
1657,2019,3,1,41,1,1,0
1658,2019,3,1,41,1,1,0
1659,2019,3,1,41,1,1,0
1660,2019,3,1,41,1,1,0
1661,2019,3,1,41,1,1,0
1662,2019,3,1,105,1,1,0
1663,2019,3,1,105,1,1,0
1664,2019,3,1,105,1,1,0
1665,2019,3,1,105,1,1,0
1666,2019,3,1,105,1,1,0
1667,2019,3,1,105,1,1,0
1668,2019,3,1,105,1,1,0
1669,2019,3,1,105,2,1,0
1670,2019,3,1,105,150,1,0
1671,2019,3,1,105,50,1,0
1672,2019,3,2,61,1,1,0
1673,2019,3,2,61,1,1,0
1674,2019,3,2,61,1,1,0
1675,2019,3,2,61,2,1,0
1676,2019,3,2,61,1,1,0
1677,2019,3,2,61,1,1,0
1678,2019,3,2,61,1,1,0
1679,2019,3,2,61,1,1,0
1680,2019,3,2,61,1,1,0
1681,2019,3,2,61,1,1,0
1682,2019,3,2,61,1,1,0
1683,2019,3,2,61,1,1,0
1684,2019,3,2,61,1,1,0
1685,2019,3,2,61,1,1,0
1686,2019,3,2,61,1,1,0
1687,2019,3,2,61,1,1,0
1688,2019,3,2,61,1,1,0
1689,2019,3,3,45,1,1,0
1690,2019,3,3,45,1,1,0
1691,2019,3,3,45,1,1,0
1692,2019,3,3,45,1,1,0
1693,2019,3,3,45,1,1,0
1694,2019,3,3,45,1,1,0
1695,2019,3,3,45,1,1,0
1696,2019,3,3,45,1,1,0
1697,2019,3,3,45,1,1,0
1698,2019,3,3,45,1,1,0
1699,2019,3,3,45,1,1,0
1700,2019,3,3,45,1,1,0
1701,2019,3,3,45,1,1,0
1702,2019,3,3,45,1,1,0
1703,2019,3,3,45,1,1,0
1704,2019,3,3,45,1,1,0
1705,2019,3,3,45,1,1,0
1706,2019,3,3,45,1,1,0
1707,2019,3,3,45,1,1,0
1708,2019,3,3,45,1,1,0
1709,2019,3,3,45,1,1,0
1710,2019,3,3,45,1,1,0
1711,2019,3,3,45,1,1,0
1712,2019,3,3,45,1,1,0
1713,2019,3,3,45,1,1,0
1714,2019,3,3,45,1,1,0
1715,2019,3,3,45,1,1,0
1716,2019,3,3,45,1,1,0
1717,2019,3,3,45,1,1,0
1718,2019,3,3,45,1,1,0
1719,2019,3,3,45,1,1,0
1720,2019,3,3,45,1,1,0
1721,2019,3,3,45,1,1,0
1722,2019,3,3,45,2,1,0
1723,2019,3,3,45,1,1,0
1724,2019,3,3,45,1,1,0
1725,2019,3,3,45,1,1,0
1726,2019,3,3,45,1,1,0
1727,2019,3,3,82,1,1,0
1728,2019,3,3,82,1,1,0
1729,2019,3,3,82,1,1,0
1730,2019,3,3,82,1,1,0
1731,2019,3,3,82,1,1,0
1732,2019,3,3,82,1,1,0
1733,2019,3,3,82,1,1,0
1734,2019,3,3,82,1,1,0
1735,2019,3,3,82,1,1,0
1736,2019,3,3,82,1,1,0
1737,2019,3,3,82,1,1,0
1738,2019,3,3,82,1,1,0
1739,2019,3,3,82,1,1,0
1740,2019,3,3,82,1,1,0
1741,2019,3,3,82,1,1,0
1742,2019,3,3,57,1,1,0
1743,2019,3,3,57,1,1,0
1744,2019,3,3,57,1,1,0
1745,2019,3,3,57,1,1,0
1746,2019,3,3,57,1,1,0
1747,2019,3,3,77,1,1,0
1748,2019,3,3,77,1,1,0
1749,2019,3,3,77,1,1,0
1750,2019,3,3,77,1,1,0
1751,2019,3,3,77,1,1,0
1752,2019,3,3,77,1,1,0
1753,2019,3,3,77,1,1,0
1754,2019,3,3,77,1,1,0
1755,2019,3,3,77,1,1,0
1756,2019,3,3,77,1,1,0
1757,2019,3,3,77,1,1,0
1758,2019,3,3,77,1,1,0
1759,2019,3,3,77,1,1,0
1760,2019,3,3,77,1,1,0
1761,2019,3,3,77,1,1,0
1762,2019,3,3,77,2,1,0
1763,2019,3,3,77,1,1,0
1764,2019,3,3,77,1,1,0
1765,2019,3,3,77,1,1,0
1766,2019,3,3,77,1,1,0
1767,2019,3,3,77,1,1,0
1768,2019,3,3,77,1,1,0
1769,2019,3,3,13,1,1,0
1770,2019,3,3,13,2,1,0
1771,2019,3,3,13,3,1,0
1772,2019,3,3,13,1,1,0
1773,2019,3,3,13,1,1,0
1774,2019,3,3,13,1,1,0
1775,2019,3,3,13,1,1,0
1776,2019,3,3,13,1,1,0
1777,2019,3,3,13,1,1,0
1778,2019,3,3,13,2,1,0
1779,2019,3,3,13,1,1,0
1780,2019,3,3,13,1,1,0
1781,2019,3,3,13,1,1,0
1782,2019,3,3,13,1,1,0
1783,2019,3,3,13,4,1,0
1784,2019,3,3,13,2,1,0
1785,2019,3,3,13,1,1,0
1786,2019,3,3,13,1,1,0
1787,2019,3,3,13,1,1,0
1788,2019,3,3,13,1,1,0
1789,2019,3,3,13,2,1,0
1790,2019,3,3,13,1,1,0
1791,2019,3,3,13,1,1,0
1792,2019,3,3,18,1,1,0
1793,2019,3,3,18,1,1,0
1794,2019,3,3,18,1,1,0
1795,2019,3,3,18,1,1,0
1796,2019,3,3,18,1,1,0
1797,2019,3,3,18,2,1,0
1798,2019,3,3,18,1,1,0
1799,2019,3,3,18,1,1,0
1800,2019,3,3,18,1,1,0
1801,2019,3,3,18,1,1,0
1802,2019,3,3,18,1,1,0
